claim_id,claim_classification,hypothesis_id,allowed_wording,status,supporting_artifact_paths,evidence,confidence,caveat,figure_table_mapping
C-FINAL-HEADLINE,headline,,A conservative v5_mainline_profiled selector yields a small but bounded representative GEMM improvement on the final non-split_k mainline under matched budget.,bounded_mainline_improvement,docs/research/evidence/final_paper_20260403/headline_result_summary.csv; docs/research/evidence/final_paper_20260403/final_bundle_summary.md,"canonical mainline means vs default: parent=0.8101, v5_mainline_profiled=1.0286, naive_random_search=1.0011, delta_vs_parent=0.2185, gap_to_random=-0.0276, frontier_ablation=1.0272, profiled_ablation=1.0283",High,"Treat this as a bounded mainline improvement. It is positive on the paper-facing surface, but not broad enough to claim universal robustness.","F2, F5B, T4"
C-FINAL-H1,supporting,H1,Cheap compile-adjacent signals are useful for pruning but not sufficient for reliable representative GEMM ranking on realistic schedule surfaces.,supported,docs/research/evidence/phase2_20260327_summary.md; docs/research/evidence/final_paper_20260403/final_claim_table.csv,"Phase 2 representative GEMM keeps compile-ranked selection well below the best reachable result on the expanded non-split_k surface, and the final mainline success depends on conservative frontier correction rather than compile ranking alone.",High,"The strongest final H1 wording rests on the Phase 2 representative study and is reinforced, not replaced, by the final mainline result.","F2, F3, T4"
C-FINAL-H2,supporting,H2,"LayerNorm is a regime-split secondary result: small_batch profiling is weak and noisy, while large_batch continues to favor compile-only ranking.",bounded_mixed,docs/research/evidence/phase2_20260327_summary.md; docs/research/evidence/phase3_20260329_summary.md,"Phase 2 regime studies and Phase 3 microstudies agree that profiling does not deliver a strong, uniform LayerNorm advantage under matched budget.",Medium,Keep LayerNorm explanatory and bounded; do not present it as a second major positive optimization story.,"F4, T4"
C-FINAL-H3,supporting,H3,"Aligned GEMM is useful as context, but it is not the truth source; it overstates selector quality relative to the representative GEMM workload program.",contextual_support,docs/research/evidence/phase2_20260327_summary.md; docs/research/evidence/final_paper_20260403/figure3_aligned_vs_representative.csv,The aligned comparison remains more flattering than the representative workload matrix and is retained only as context.,Medium,"Write H3 as an evaluation-context lesson, not as the headline.","F3, T4"
C-FINAL-H4,supporting,H4,"Revised selectors are a transfer story rather than a simple success story: a narrow-space frontier-aware revision worked, but later expanded-space evidence showed that the same revision family did not generalize cleanly.",mixed_transfer_limited,docs/research/evidence/phase3_20260329_summary.md; docs/research/evidence/final_paper_20260403/final_claim_table.csv,"The project combines an earlier narrow-space frontier-aware success, a clear Phase 3 transfer failure, and a final guarded mainline recovery on the non-split_k surface.",High,"Do not flatten H4 into either 'revisions always work' or 'revisions always fail'; the defensible claim is mixed, transfer-limited evidence.","F5A, F5B, T4"
C-FINAL-H5,supporting,H5,The transfer-safe v4 corrective pass remained unsupported on the expanded split_k space.,unsupported,docs/research/evidence/phase3_20260329_summary.md; docs/research/evidence/final_paper_20260403/final_claim_table.csv,The canonical Phase 3 representative GEMM mapping and ablation both keep the v4 family far below the parent selector and naive random search on the split_k space.,High,H5 stays specific to the expanded split_k Phase 3 surface and must not absorb the later non-split_k positive result.,"F5A, T4"
C-FINAL-SPLITK,supporting,,split_k is retired from the main GEMM reportable surface.,retire,docs/research/evidence/phase3_20260329/splitk_decision_table.csv,The canonical Phase 3 diagnostic never promotes non-unit split_k into chosen or best-scored final families.,High,Retirement applies to the paper-facing mainline surface only; split_k remains available as archived diagnostic code.,F5A
C-FINAL-ROWS,supporting,,rows_per_program is retired from the main LayerNorm surface.,retire,docs/research/evidence/phase3_20260329/rows_per_program_decision_table.csv,Non-unit rows_per_program appears only in weak or regressing paths and never becomes a stable mainline selector lever.,High,Retirement applies to the paper-facing mainline surface only; the knob remains part of archived diagnostic experiments.,F4
C-FINAL-CLOSEOUT,supporting,,No further selector-family growth is justified for the paper backbone.,closed,docs/research/evidence/final_paper_20260403/final_claim_table.csv; docs/research/evidence/final_paper_20260403/headline_result_summary.csv,"The project now has both a bounded negative result on the split_k expansion and a bounded final non-split_k mainline result, leaving no unresolved evidence-backed reason to admit another selector family.",High,This closes the current paper-facing research program; it does not claim that no future project could justify a different selector family.,"F2, F5B, T4"
